black,black,race/ethnicity
african,black,race/ethnicity
slave,black,race/ethnicity
negro,black,race/ethnicity
african-american,black,race/ethnicity
freedman,black,race/ethnicity
freedwoman,black,race/ethnicity
freeman,black,race/ethnicity
mulatto,black,race/ethnicity
nigger,black,race/ethnicity
creole,black,race/ethnicity
africanamerican,black,race/ethnicity
freedperson,black,race/ethnicity
ex-slave,black,race/ethnicity
fugitive,black,race/ethnicity
runaway,black,race/ethnicity
enslaved,black,race/ethnicity
blacks,black,race/ethnicity
africans,black,race/ethnicity
slaves,black,race/ethnicity
negroes,black,race/ethnicity
african-americans,black,race/ethnicity
freedmen,black,race/ethnicity
freedwomen,black,race/ethnicity
freemen,black,race/ethnicity
mulattoes,black,race/ethnicity
niggers,black,race/ethnicity
creoles,black,race/ethnicity
africanamericans,black,race/ethnicity
freedpeople,black,race/ethnicity
ex-slaves,black,race/ethnicity
fugitives,black,race/ethnicity
runaways,black,race/ethnicity
hispanic,hispanic/latinx,race/ethnicity
mexican,hispanic/latinx,race/ethnicity
latino,hispanic/latinx,race/ethnicity
latina,hispanic/latinx,race/ethnicity
mexicano,hispanic/latinx,race/ethnicity
mexican-american,hispanic/latinx,race/ethnicity
chicano,hispanic/latinx,race/ethnicity
panamanian,hispanic/latinx,race/ethnicity
bracero,hispanic/latinx,race/ethnicity
tejano,hispanic/latinx,race/ethnicity
rican,hispanic/latinx,race/ethnicity
hispanics,hispanic/latinx,race/ethnicity
mexicans,hispanic/latinx,race/ethnicity
latinos,hispanic/latinx,race/ethnicity
latinas,hispanic/latinx,race/ethnicity
mexicanos,hispanic/latinx,race/ethnicity
mexican-americans,hispanic/latinx,race/ethnicity
chicanos,hispanic/latinx,race/ethnicity
panamanians,hispanic/latinx,race/ethnicity
braceros,hispanic/latinx,race/ethnicity
tejanos,hispanic/latinx,race/ethnicity
ricans,hispanic/latinx,race/ethnicity
minority,other minority,race/ethnicity
marginalized,other minority,race/ethnicity
tribe,other minority,race/ethnicity
subculture,other minority,race/ethnicity
jew,other minority,race/ethnicity
immigrant,other minority,race/ethnicity
jewish,other minority,race/ethnicity
tribal,other minority,race/ethnicity
caribbean,other minority,race/ethnicity
palestinian,other minority,race/ethnicity
israeli,other minority,race/ethnicity
muslim,other minority,race/ethnicity
nonwhite,other minority,race/ethnicity
non-white,other minority,race/ethnicity
outsider,other minority,race/ethnicity
japanese-american,other minority,race/ethnicity
israelite,other minority,race/ethnicity
gypsy,other minority,race/ethnicity
asian-american,other minority,race/ethnicity
iranian,other minority,race/ethnicity
filipino,other minority,race/ethnicity
refugee,other minority,race/ethnicity
ethnicity,other minority,race/ethnicity
haitian,other minority,race/ethnicity
hebrew,other minority,race/ethnicity
barbadian,other minority,race/ethnicity
foreigner,other minority,race/ethnicity
vietnamese,other minority,race/ethnicity
asian,other minority,race/ethnicity
korean,other minority,race/ethnicity
iraqi,other minority,race/ethnicity
japanese,other minority,race/ethnicity
jamaican,other minority,race/ethnicity
native,other minority,race/ethnicity
indian,other minority,race/ethnicity
mohawk,other minority,race/ethnicity
chickasaw,other minority,race/ethnicity
lakota,other minority,race/ethnicity
savage,other minority,race/ethnicity
huron,other minority,race/ethnicity
cheyenne,other minority,race/ethnicity
mandan,other minority,race/ethnicity
algonquian,other minority,race/ethnicity
sauk,other minority,race/ethnicity
puebloan,other minority,race/ethnicity
powhatan,other minority,race/ethnicity
mohican,other minority,race/ethnicity
arapaho,other minority,race/ethnicity
hopi,other minority,race/ethnicity
apache,other minority,race/ethnicity
aztec,other minority,race/ethnicity
seminole,other minority,race/ethnicity
sioux,other minority,race/ethnicity
perce,other minority,race/ethnicity
choctaw,other minority,race/ethnicity
navajo,other minority,race/ethnicity
anasazi,other minority,race/ethnicity
iroquois,other minority,race/ethnicity
comanche,other minority,race/ethnicity
cherokee,other minority,race/ethnicity
dakota,other minority,race/ethnicity
pueblo,other minority,race/ethnicity
inca,other minority,race/ethnicity
shawnee,other minority,race/ethnicity
mexica,other minority,race/ethnicity
minorities,other minority,race/ethnicity
tribes,other minority,race/ethnicity
subcultures,other minority,race/ethnicity
jews,other minority,race/ethnicity
immigrants,other minority,race/ethnicity
caribbeans,other minority,race/ethnicity
palestinians,other minority,race/ethnicity
israelis,other minority,race/ethnicity
muslims,other minority,race/ethnicity
nonwhites,other minority,race/ethnicity
non-whites,other minority,race/ethnicity
outsiders,other minority,race/ethnicity
japanese-americans,other minority,race/ethnicity
israelites,other minority,race/ethnicity
gypsies,other minority,race/ethnicity
asian-americans,other minority,race/ethnicity
iranians,other minority,race/ethnicity
filipinos,other minority,race/ethnicity
refugees,other minority,race/ethnicity
ethnicities,other minority,race/ethnicity
haitians,other minority,race/ethnicity
hebrews,other minority,race/ethnicity
foreigners,other minority,race/ethnicity
asians,other minority,race/ethnicity
koreans,other minority,race/ethnicity
iraqis,other minority,race/ethnicity
jamaicans,other minority,race/ethnicity
natives,other minority,race/ethnicity
indians,other minority,race/ethnicity
mohawks,other minority,race/ethnicity
chickasaws,other minority,race/ethnicity
lakotas,other minority,race/ethnicity
savages,other minority,race/ethnicity
hurons,other minority,race/ethnicity
cheyennes,other minority,race/ethnicity
mandans,other minority,race/ethnicity
algonquians,other minority,race/ethnicity
sauk,other minority,race/ethnicity
puebloans,other minority,race/ethnicity
powhatans,other minority,race/ethnicity
mohicans,other minority,race/ethnicity
arapahos,other minority,race/ethnicity
hopi,other minority,race/ethnicity
apaches,other minority,race/ethnicity
aztecs,other minority,race/ethnicity
seminoles,other minority,race/ethnicity
sioux,other minority,race/ethnicity
perces,other minority,race/ethnicity
choctaws,other minority,race/ethnicity
navajos,other minority,race/ethnicity
anasazis,other minority,race/ethnicity
iroquois,other minority,race/ethnicity
comanches,other minority,race/ethnicity
cherokees,other minority,race/ethnicity
dakotas,other minority,race/ethnicity
pueblos,other minority,race/ethnicity
incas,other minority,race/ethnicity
shawnees,other minority,race/ethnicity
mexicas,other minority,race/ethnicity
colonist,white,race/ethnicity
white,white,race/ethnicity
european,white,race/ethnicity
latin,white,race/ethnicity
victorian,white,race/ethnicity
spanish,white,race/ethnicity
nazi,white,race/ethnicity
puritan,white,race/ethnicity
slaveholder,white,race/ethnicity
english,white,race/ethnicity
portuguese,white,race/ethnicity
german,white,race/ethnicity
british,white,race/ethnicity
ex-confederate,white,race/ethnicity
scot-irish,white,race/ethnicity
vice-president,white,race/ethnicity
conqueror,white,race/ethnicity
greek,white,race/ethnicity
anglo-american,white,race/ethnicity
minstrel,white,race/ethnicity
tory,white,race/ethnicity
yankee,white,race/ethnicity
secessionist,white,race/ethnicity
bolshevik,white,race/ethnicity
moravian,white,race/ethnicity
jesuit,white,race/ethnicity
swede,white,race/ethnicity
anglo,white,race/ethnicity
slav,white,race/ethnicity
englander,white,race/ethnicity
frenchman,white,race/ethnicity
spaniard,white,race/ethnicity
scandinavian,white,race/ethnicity
hungarian,white,race/ethnicity
anglo-saxon,white,race/ethnicity
roman,white,race/ethnicity
irishman,white,race/ethnicity
georgian,white,race/ethnicity
slaveowner,white,race/ethnicity
anglo-texan,white,race/ethnicity
amish,white,race/ethnicity
australian,white,race/ethnicity
czech,white,race/ethnicity
norman,white,race/ethnicity
austrian,white,race/ethnicity
englishman,white,race/ethnicity
klansman,white,race/ethnicity
briton,white,race/ethnicity
french,white,race/ethnicity
italian,white,race/ethnicity
colonists,white,race/ethnicity
whites,white,race/ethnicity
europeans,white,race/ethnicity
latins,white,race/ethnicity
victorians,white,race/ethnicity
nazis,white,race/ethnicity
puritans,white,race/ethnicity
slaveholders,white,race/ethnicity
germans,white,race/ethnicity
ex-confederates,white,race/ethnicity
vice-presidents,white,race/ethnicity
conquerors,white,race/ethnicity
greeks,white,race/ethnicity
anglo-americans,white,race/ethnicity
minstrels,white,race/ethnicity
tories,white,race/ethnicity
yankees,white,race/ethnicity
secessionists,white,race/ethnicity
bolsheviks,white,race/ethnicity
moravians,white,race/ethnicity
jesuits,white,race/ethnicity
swedes,white,race/ethnicity
anglos,white,race/ethnicity
slavs,white,race/ethnicity
englanders,white,race/ethnicity
frenchmen,white,race/ethnicity
spaniards,white,race/ethnicity
scandinavians,white,race/ethnicity
hungarians,white,race/ethnicity
anglo-saxons,white,race/ethnicity
romans,white,race/ethnicity
irishmen,white,race/ethnicity
georgians,white,race/ethnicity
slaveowners,white,race/ethnicity
anglo-texans,white,race/ethnicity
australians,white,race/ethnicity
czechs,white,race/ethnicity
normans,white,race/ethnicity
austrians,white,race/ethnicity
englishmen,white,race/ethnicity
klansmen,white,race/ethnicity
britons,white,race/ethnicity
italians,white,race/ethnicity
woman,women,gender
wife,women,gender
mother,women,gender
feminist,women,gender
lady,women,gender
female,women,gender
girl,women,gender
daughter,women,gender
aunt,women,gender
she,women,gender
her,women,gender
hers,women,gender
herself,women,gender
bride,women,gender
heroine,women,gender
laundress,women,gender
goddess,women,gender
housewife,women,gender
queen,women,gender
princess,women,gender
seamstress,women,gender
mistress,women,gender
midwife,women,gender
waitress,women,gender
widow,women,gender
niece,women,gender
nun,women,gender
witch,women,gender
sister,women,gender
grandmother,women,gender
cowgirl,women,gender
bridesmaid,women,gender
lesbian,women,gender
flapper,women,gender
women,women,gender
wives,women,gender
mothers,women,gender
feminists,women,gender
ladies,women,gender
females,women,gender
girls,women,gender
daughters,women,gender
aunts,women,gender
brides,women,gender
heroines,women,gender
laundresses,women,gender
goddesses,women,gender
housewives,women,gender
queens,women,gender
princesses,women,gender
seamstresses,women,gender
mistresses,women,gender
midwives,women,gender
waitresses,women,gender
widows,women,gender
nieces,women,gender
nuns,women,gender
witches,women,gender
sisters,women,gender
grandmothers,women,gender
cowgirls,women,gender
bridesmaids,women,gender
lesbians,women,gender
flappers,women,gender
man,men,gender
husband,men,gender
father,men,gender
male,men,gender
boy,men,gender
son,men,gender
uncle,men,gender
he,men,gender
his,men,gender
him,men,gender
brother,men,gender
himself,men,gender
minuteman,men,gender
guy,men,gender
grandfather,men,gender
forefather,men,gender
king,men,gender
congressman,men,gender
workman,men,gender
nobleman,men,gender
nephew,men,gender
horseman,men,gender
earl,men,gender
emperor,men,gender
patriarch,men,gender
cowboy,men,gender
groom,men,gender
grandson,men,gender
brethren,men,gender
businessman,men,gender
dairyman,men,gender
cattleman,men,gender
gunman,men,gender
rifleman,men,gender
tradesman,men,gender
seaman,men,gender
lord,men,gender
prince,men,gender
salesman,men,gender
guardsman,men,gender
frontiersman,men,gender
workingman,men,gender
fisherman,men,gender
foreman,men,gender
friar,men,gender
gentleman,men,gender
journeyman,men,gender
fireman,men,gender
militiaman,men,gender
countryman,men,gender
clergyman,men,gender
policeman,men,gender
spokesman,men,gender
serviceman,men,gender
duke,men,gender
mankind ,men,gender
statesman,men,gender
pope,men,gender
widower,men,gender
chairman,men,gender
men,men,gender
husbands,men,gender
fathers,men,gender
males,men,gender
boys,men,gender
sons,men,gender
uncles,men,gender
brothers,men,gender
minutemen,men,gender
guys,men,gender
grandfathers,men,gender
forefathers,men,gender
kings,men,gender
congressmen,men,gender
workmen,men,gender
noblemen,men,gender
nephews,men,gender
horsemen,men,gender
earls,men,gender
emperors,men,gender
patriarchs,men,gender
cowboys,men,gender
grooms,men,gender
grandsons,men,gender
businessmen,men,gender
dairymen,men,gender
cattlemen,men,gender
gunmen,men,gender
riflemen,men,gender
tradesmen,men,gender
seamen,men,gender
lords,men,gender
princes,men,gender
salesmen,men,gender
guardsmen,men,gender
frontiersmen,men,gender
workingmen,men,gender
fishermen,men,gender
foremen,men,gender
friars,men,gender
gentlemen,men,gender
journeymen,men,gender
firemen,men,gender
militiamen,men,gender
countrymen,men,gender
clergymen,men,gender
policemen,men,gender
spokesmen,men,gender
servicemen,men,gender
dukes,men,gender
statesmen,men,gender
popes,men,gender
widowers,men,gender
chairmen,men,gender
force,other,unmarked
leader,other,unmarked
child,other,unmarked
worker,other,unmarked
friend,other,unmarked
gay,other,unmarked
intellectual,other,unmarked
partner,other,unmarked
baby,other,unmarked
relative,other,unmarked
advocate,other,unmarked
opponent,other,unmarked
observer,other,unmarked
victim,other,unmarked
ruler,other,unmarked
innocent,other,unmarked
witness,other,unmarked
neighbor,other,unmarked
expert,other,unmarked
philosopher,other,unmarked
scientist,other,unmarked
engineer,other,unmarked
warrior,other,unmarked
actor,other,unmarked
traveler,other,unmarked
winner,other,unmarked
scholar,other,unmarked
fighter,other,unmarked
player,other,unmarked
tyrant,other,unmarked
ward,other,unmarked
suspect,other,unmarked
intellect,other,unmarked
juvenile,other,unmarked
literate,other,unmarked
bomber,other,unmarked
homosexual,other,unmarked
collector,other,unmarked
creator,other,unmarked
debtor,other,unmarked
killer,other,unmarked
proponent,other,unmarked
amateur,other,unmarked
realist,other,unmarked
activist,other,unmarked
student,other,unmarked
supporter,other,unmarked
northerner,other,unmarked
candidate,other,unmarked
southerner,other,unmarked
nonpartisan,other,unmarked
dissident,other,unmarked
stranger,other,unmarked
environmentalist,other,unmarked
pilot,other,unmarked
moderate,other,unmarked
pioneer,other,unmarked
conservative,other,unmarked
teacher,other,unmarked
planter,other,unmarked
catholic,other,unmarked
parent,other,unmarked
landowner,other,unmarked
politician,other,unmarked
member,other,unmarked
troop,other,unmarked
enemy,other,unmarked
persons,other,unmarked
republican,other,unmarked
democrat,other,unmarked
someone,other,unmarked
resident,other,unmarked
soldier,other,unmarked
laborer,other,unmarked
settler,other,unmarked
employer,other,unmarked
trader,other,unmarked
militant,other,unmarked
miner,other,unmarked
communist,other,unmarked
missionary,other,unmarked
commander,other,unmarked
protestant,other,unmarked
industrialist,other,unmarked
christian,other,unmarked
newcomer,other,unmarked
critic,other,unmarked
employee,other,unmarked
liberal,other,unmarked
rancher,other,unmarked
agriculturalist,other,unmarked
farmer,other,unmarked
inventor,other,unmarked
historian,other,unmarked
manufacturer,other,unmarked
legislator,other,unmarked
editor,other,unmarked
servant,other,unmarked
traitor,other,unmarked
writer,other,unmarked
preacher,other,unmarked
radical,other,unmarked
overseer,other,unmarked
banker,other,unmarked
texan,other,unmarked
lobbyist,other,unmarked
steelworker,other,unmarked
representative,other,unmarked
spouse,other,unmarked
signer,other,unmarked
congress,other,unmarked
forty-niner,other,unmarked
mormon,other,unmarked
mayor,other,unmarked
socialist,other,unmarked
tourist,other,unmarked
somebody,other,unmarked
strategist,other,unmarked
educator,other,unmarked
evangelist,other,unmarked
patron,other,unmarked
maid,other,unmarked
victor,other,unmarked
customer,other,unmarked
homeowner,other,unmarked
butcher,other,unmarked
onlooker,other,unmarked
inmate,other,unmarked
volunteer,other,unmarked
outlaw,other,unmarked
cleaner,other,unmarked
retiree,other,unmarked
aggressor,other,unmarked
segregationist,other,unmarked
pupil,other,unmarked
rider,other,unmarked
justice,other,unmarked
easterner,other,unmarked
broker,other,unmarked
celebrity,other,unmarked
veteran,other,unmarked
trooper,other,unmarked
dealer,other,unmarked
martyr,other,unmarked
congregationalist,other,unmarked
minister,other,unmarked
paratrooper,other,unmarked
agitator,other,unmarked
executive,other,unmarked
monster,other,unmarked
investor,other,unmarked
tailor,other,unmarked
raider,other,unmarked
chorus,other,unmarked
heir,other,unmarked
astronaut,other,unmarked
middleman,other,unmarked
thinker,other,unmarked
campaigner,other,unmarked
kid,other,unmarked
unitarian,other,unmarked
figure,other,unmarked
officer,other,unmarked
scout,other,unmarked
mob,other,unmarked
patrol,other,unmarked
priest,other,unmarked
correspondent,other,unmarked
interventionist,other,unmarked
athlete,other,unmarked
protestor,other,unmarked
hostage,other,unmarked
bureaucrat,other,unmarked
bishop,other,unmarked
individual,other,unmarked
purchaser,other,unmarked
superintendent,other,unmarked
reader,other,unmarked
townsperson,other,unmarked
lutheran,other,unmarked
traditionalist,other,unmarked
entertainer,other,unmarked
commentator,other,unmarked
saint,other,unmarked
shareholder,other,unmarked
convict,other,unmarked
participant,other,unmarked
client,other,unmarked
sinner,other,unmarked
schoolteacher,other,unmarked
firefighter,other,unmarked
conductor,other,unmarked
thief,other,unmarked
exoduster,other,unmarked
spokesperson,other,unmarked
draftee,other,unmarked
anyone,other,unmarked
talker,other,unmarked
suburbanite,other,unmarked
peer,other,unmarked
guardian,other,unmarked
petitioner,other,unmarked
federalist,other,unmarked
intruder,other,unmarked
negotiator,other,unmarked
essayist,other,unmarked
oppressor,other,unmarked
defender,other,unmarked
homemaker,other,unmarked
buyer,other,unmarked
prosecutor,other,unmarked
overlord,other,unmarked
intern,other,unmarked
parishioner,other,unmarked
shopper,other,unmarked
sponsor,other,unmarked
sociologist,other,unmarked
assistant,other,unmarked
stalwart,other,unmarked
companion,other,unmarked
coach,other,unmarked
adventurer,other,unmarked
vaquero,other,unmarked
orator,other,unmarked
passenger,other,unmarked
landholder,other,unmarked
prisoner,other,unmarked
liberator,other,unmarked
capitalist,other,unmarked
comrade,other,unmarked
accuser,other,unmarked
governor,other,unmarked
deist,other,unmarked
pauper,other,unmarked
monk,other,unmarked
lecturer,other,unmarked
chieftain,other,unmarked
dancer,other,unmarked
consumer,other,unmarked
darwinist,other,unmarked
admirer ,other,unmarked
migrant,other,unmarked
weaver,other,unmarked
landlord,other,unmarked
prophet,other,unmarked
millionaire,other,unmarked
modernist,other,unmarked
distiller,other,unmarked
revolutionary,other,unmarked
pirate,other,unmarked
visitor,other,unmarked
juror,other,unmarked
dockworker,other,unmarked
shoemaker,other,unmarked
detractor,other,unmarked
doctor,other,unmarked
economist,other,unmarked
loser,other,unmarked
proprietor,other,unmarked
orphan,other,unmarked
imitator,other,unmarked
baker,other,unmarked
speculator,other,unmarked
reaper,other,unmarked
folk,other,unmarked
nativist,other,unmarked
associate,other,unmarked
isolationist,other,unmarked
mariner,other,unmarked
envoy,other,unmarked
loyalist,other,unmarked
carpenter,other,unmarked
descendant,other,unmarked
faculty,other,unmarked
militarist,other,unmarked
warlord,other,unmarked
tradesperson,other,unmarked
drinker,other,unmarked
offender,other,unmarked
lender,other,unmarked
captor,other,unmarked
conspirator,other,unmarked
survivor,other,unmarked
seller,other,unmarked
interpreter,other,unmarked
subscriber,other,unmarked
emissary,other,unmarked
missourian,other,unmarked
crusader,other,unmarked
occupier,other,unmarked
sharecropper,other,unmarked
savior,other,unmarked
anti-mason,other,unmarked
apologist,other,unmarked
hunter,other,unmarked
toiler,other,unmarked
culprit,other,unmarked
tycoon,other,unmarked
troublemaker,other,unmarked
mechanic,other,unmarked
artisan,other,unmarked
painter,other,unmarked
tinker,other,unmarked
boxer,other,unmarked
recruiter,other,unmarked
postmaster,other,unmarked
superior,other,unmarked
picker,other,unmarked
infant,other,unmarked
hijacker,other,unmarked
borrower,other,unmarked
financier,other,unmarked
storekeeper,other,unmarked
theorist,other,unmarked
host,other,unmarked
kin,other,unmarked
courtier,other,unmarked
packer,other,unmarked
racist,other,unmarked
runner,other,unmarked
rebel,other,unmarked
bondholder,other,unmarked
keeper,other,unmarked
compromiser,other,unmarked
protester,other,unmarked
cartoonist,other,unmarked
technician,other,unmarked
photographer,other,unmarked
designer,other,unmarked
outcast,other,unmarked
accountant,other,unmarked
follower,other,unmarked
applicant,other,unmarked
senate,other,unmarked
whig,other,unmarked
mason,other,unmarked
claimant,other,unmarked
supervisor,other,unmarked
pacifist,other,unmarked
human,other,unmarked
examiner,other,unmarked
tsar,other,unmarked
kentuckian,other,unmarked
sailor,other,unmarked
texian,other,unmarked
smallholder,other,unmarked
nomad,other,unmarked
serf,other,unmarked
ruffian,other,unmarked
fool,other,unmarked
guard,other,unmarked
commissioner,other,unmarked
narrator,other,unmarked
porter,other,unmarked
columnist,other,unmarked
craftsman,other,unmarked
deputy,other,unmarked
tenant,other,unmarked
worshiper,other,unmarked
prostitute,other,unmarked
lover,other,unmarked
philanthropist,other,unmarked
incumbent,other,unmarked
janitor,other,unmarked
supremacist,other,unmarked
psychologist,other,unmarked
anthropologist,other,unmarked
theologian,other,unmarked
tutor,other,unmarked
redcoat,other,unmarked
expansionist,other,unmarked
bystander,other,unmarked
journalist,other,unmarked
fascist,other,unmarked
subordinate,other,unmarked
committee,other,unmarked
knight,other,unmarked
creditor,other,unmarked
detective,other,unmarked
latecomer,other,unmarked
stockbroker,other,unmarked
bitch,other,unmarked
neoconservative,other,unmarked
donor,other,unmarked
attendant,other,unmarked
humankind,other,unmarked
freemason,other,unmarked
champion,other,unmarked
herder,other,unmarked
inspector,other,unmarked
announcer,other,unmarked
gangster,other,unmarked
craftsperson,other,unmarked
cook,other,unmarked
builder,other,unmarked
mississippian,other,unmarked
investigator,other,unmarked
translators,other,unmarked
viceroy,other,unmarked
constructionist,other,unmarked
antifederalist,other,unmarked
judiciary,other,unmarked
chaplain,other,unmarked
commuter,other,unmarked
forerunner,other,unmarked
reservationist,other,unmarked
self,other,unmarked
academic,other,unmarked
performer,other,unmarked
plumber,other,unmarked
youngster,other,unmarked
analyst,other,unmarked
terrorist,other,unmarked
crony,other,unmarked
seeker,other,unmarked
marylander,other,unmarked
dignitary,other,unmarked
nonslaveholder,other,unmarked
wageworker,other,unmarked
insider,other,unmarked
teenager,other,unmarked
dissenter,other,unmarked
independent,other,unmarked
gambler,other,unmarked
conservationist,other,unmarked
motorist,other,unmarked
physicist,other,unmarked
ambassador,other,unmarked
manager,other,unmarked
naturalist,other,unmarked
rapper,other,unmarked
silversmith,other,unmarked
messenger,other,unmarked
individualist,other,unmarked
trapper,other,unmarked
striker,other,unmarked
drummer,other,unmarked
homesteader,other,unmarked
innovator,other,unmarked
developer,other,unmarked
jurist,other,unmarked
jockey,other,unmarked
navigator,other,unmarked
healer,other,unmarked
vagabond,other,unmarked
author,other,unmarked
presbyterian ,other,unmarked
bricklayer,other,unmarked
monopolist,other,unmarked
peasant,other,unmarked
perpetrator,other,unmarked
enthusiast,other,unmarked
lieutenant,other,unmarked
contestant,other,unmarked
classmate,other,unmarked
challenger,other,unmarked
free-soiler,other,unmarked
archaeologist,other,unmarked
seafarer,other,unmarked
shipbuilder,other,unmarked
pamphleteer,other,unmarked
pitcher,other,unmarked
rioter,other,unmarked
explorer,other,unmarked
transcendentalist,other,unmarked
violator,other,unmarked
hunter-gatherer,other,unmarked
novelist,other,unmarked
brute,other,unmarked
nurse,other,unmarked
musician,other,unmarked
composer,other,unmarked
playwright,other,unmarked
occupant,other,unmarked
subcommittee,other,unmarked
lawyer,other,unmarked
barbarian,other,unmarked
royalty,other,unmarked
emigrant,other,unmarked
publicist,other,unmarked
pennsylvanian,other,unmarked
character,other,unmarked
bostonian,other,unmarked
screenwriter,other,unmarked
biologist,other,unmarked
mediator,other,unmarked
visionary,other,unmarked
helper,other,unmarked
marshal,other,unmarked
adolescent,other,unmarked
compatriot,other,unmarked
twin,other,unmarked
boycotter,other,unmarked
doughboy,other,unmarked
arbiter,other,unmarked
businessperson,other,unmarked
islander,other,unmarked
ex-rebel,other,unmarked
salesclerk,other,unmarked
consultant,other,unmarked
egyptian,other,unmarked
voyager,other,unmarked
patroon,other,unmarked
instructor,other,unmarked
murderer,other,unmarked
planner,other,unmarked
council,other,unmarked
machinist,other,unmarked
breeder,other,unmarked
muckraker,other,unmarked
propagandist,other,unmarked
criminal,other,unmarked
sculptor,other,unmarked
comedian,other,unmarked
beggar,other,unmarked
researcher,other,unmarked
felon,other,unmarked
surveyor,other,unmarked
acquaintance,other,unmarked
fire-eater,other,unmarked
agent,other,unmarked
contemporary,other,unmarked
respondent,other,unmarked
breadwinner,other,unmarked
dixiecrat,other,unmarked
zealot,other,unmarked
coworker,other,unmarked
detainee,other,unmarked
gatherer,other,unmarked
underclass,other,unmarked
practitioner,other,unmarked
franciscan,other,unmarked
kansan,other,unmarked
villain,other,unmarked
marcher,other,unmarked
chemist,other,unmarked
registrar,other,unmarked
monarch,other,unmarked
biographer,other,unmarked
hacker,other,unmarked
silverite,other,unmarked
senator,other,unmarked
highlander,other,unmarked
policymaker,other,unmarked
free-stater,other,unmarked
patrolman,other,unmarked
reservist,other,unmarked
noble,other,unmarked
farmhand,other,unmarked
washingtonian,other,unmarked
typist,other,unmarked
baron,other,unmarked
shipowner,other,unmarked
boss,other,unmarked
contender,other,unmarked
gunner,other,unmarked
cutter,other,unmarked
gang,other,unmarked
robber,other,unmarked
president,other,unmarked
organizer,other,unmarked
reporter,other,unmarked
hippie,other,unmarked
churchgoer,other,unmarked
acadian,other,unmarked
spectator,other,unmarked
plaintiff,other,unmarked
mower,other,unmarked
idealist,other,unmarked
urbanite,other,unmarked
novice,other,unmarked
peacekeeper,other,unmarked
elder,other,unmarked
forebear,other,unmarked
garrison,other,unmarked
thug,other,unmarked
stenographer,other,unmarked
humorist,other,unmarked
yippie,other,unmarked
heterosexual,other,unmarked
adversary,other,unmarked
interviewer,other,unmarked
surgeon,other,unmarked
householder,other,unmarked
oneidan,other,unmarked
pursuer,other,unmarked
specialist,other,unmarked
greenbacker,other,unmarked
mentor,other,unmarked
revisionist,other,unmarked
apostle,other,unmarked
co-founder,other,unmarked
forecaster,other,unmarked
sociopath,other,unmarked
rockstar,other,unmarked
schoolmate,other,unmarked
hater,other,unmarked
selectee,other,unmarked
separatist,other,unmarked
delegate,other,unmarked
nationalist,other,unmarked
advisor,other,unmarked
colleague,other,unmarked
diplomat,other,unmarked
director,other,unmarked
singer,other,unmarked
burgess,other,unmarked
aide,other,unmarked
chinese,other,unmarked
navy,other,unmarked
administrator,other,unmarked
californian,other,unmarked
architect,other,unmarked
general,other,unmarked
driver,other,unmarked
yourself,other,unmarked
virginian,other,unmarked
sect,other,unmarked
grandparent,other,unmarked
humanity,other,unmarked
apprentice,other,unmarked
clerk,other,unmarked
russian,other,unmarked
predecessor,other,unmarked
delegation,other,unmarked
populist,other,unmarked
press,other,unmarked
star,other,unmarked
civilization,other,unmarked
dictator,other,unmarked
successor,other,unmarked
hero,other,unmarked
smuggler,other,unmarked
captive,other,unmarked
youth,other,unmarked
patriot,other,unmarked
ancestor,other,unmarked
foe,other,unmarked
producer,other,unmarked
recipient,other,unmarked
publisher,other,unmarked
class,other,unmarked
unionist,other,unmarked
shipper,other,unmarked
kingdom,other,unmarked
westerner,other,unmarked
arab,other,unmarked
aristocrat,other,unmarked
household,other,unmarked
dweller,other,unmarked
assassin,other,unmarked
anglican,other,unmarked
adviser,other,unmarked
population,other,unmarked
ally,other,unmarked
jacksonian,other,unmarked
cooperative,other,unmarked
physician,other,unmarked
believer,other,unmarked
taliban,other,unmarked
shaker,other,unmarked
poet,other,unmarked
police,other,unmarked
scalawag,other,unmarked
maker,other,unmarked
canadian,other,unmarked
gentry,other,unmarked
spy,other,unmarked
jury,other,unmarked
teen,other,unmarked
riot,other,unmarked
fleet,other,unmarked
shopkeeper,other,unmarked
ministry,other,unmarked
defendant,other,unmarked
listener,other,unmarked
californio,other,unmarked
lawmaker,other,unmarked
operative,other,unmarked
you,other,unmarked
yeoman,other,unmarked
know-nothing,other,unmarked
combatant,other,unmarked
graduate,other,unmarked
calvinist,other,unmarked
bridgeman,other,unmarked
framer,other,unmarked
team,other,unmarked
baptist,other,unmarked
recruit,other,unmarked
suffragist,other,unmarked
sheriff,other,unmarked
league,other,unmarked
cavalry,other,unmarked
secretary,other,unmarked
administration,other,unmarked
chief,other,unmarked
merchant,other,unmarked
subject,other,unmarked
attorney,other,unmarked
themself,other,unmarked
conquistador,other,unmarked
fundamentalist,other,unmarked
anarchist,other,unmarked
reformer,other,unmarked
vigilante,other,unmarked
carpetbagger,other,unmarked
convert,other,unmarked
clergy,other,unmarked
viewer,other,unmarked
blacksmith,other,unmarked
enterpreneur,other,unmarked
professor,other,unmarked
philantropist,other,unmarked
confederate,other,unmarked
titan,other,unmarked
evangelical,other,unmarked
captain,other,unmarked
hawaiian,other,unmarked
crew,other,unmarked
extremist,other,unmarked
villager,other,unmarked
insurgent,other,unmarked
strikebreaker,other,unmarked
operator,other,unmarked
audience,other,unmarked
assembly,other,unmarked
advertiser,other,unmarked
pilgrim,other,unmarked
patient,other,unmarked
colonel,other,unmarked
jeffersionian,other,unmarked
militia,other,unmarked
appalachian,other,unmarked
methodist,other,unmarked
schoolchild,other,unmarked
nominee,other,unmarked
artist,other,unmarked
stalemate,other,unmarked
regulator,other,unmarked
marshall,other,unmarked
klan,other,unmarked
genius,other,unmarked
trustee,other,unmarked
sympathizer,other,unmarked
lumberjack,other,unmarked
pastor,other,unmarked
elector,other,unmarked
quaker,other,unmarked
backer,other,unmarked
squad,other,unmarked
squadron,other,unmarked
citizenry,other,unmarked
copperhead,other,unmarked
taxpayer,other,unmarked
anti-federalist,other,unmarked
anti-american,other,unmarked
regiment,other,unmarked
carolinian,other,unmarked
grower,other,unmarked
contractor,other,unmarked
prospector,other,unmarked
squatter,other,unmarked
user,other,unmarked
stockholder,other,unmarked
privateer,other,unmarked
yorker,other,unmarked
grandchild,other,unmarked
cult,other,unmarked
bayonet,other,unmarked
farmworker,other,unmarked
officeholder,other,unmarked
appointee,other,unmarked
elite,other,unmarked
imperialist,other,unmarked
destroyer,other,unmarked
leadership,other,unmarked
burglar,other,unmarked
mercenary,other,unmarked
demonstrator,other,unmarked
depositor,other,unmarked
invader,other,unmarked
abolitionist,other,unmarked
boomer,other,unmarked
founder,other,unmarked
judge,other,unmarked
speaker,other,unmarked
cornwalli,other,unmarked
colonizer,other,unmarked
master,other,unmarked
promoter,other,unmarked
catcher,other,unmarked
attacker,other,unmarked
hessian,other,unmarked
guest,other,unmarked
professional,other,unmarked
revivalist,other,unmarked
deserter,other,unmarked
viking,other,unmarked
armada,other,unmarked
person,other,unmarked
american,other,unmarked
citizen,other,unmarked
society,other,unmarked
public,other,unmarked
owner,other,unmarked
authority,other,unmarked
adult,other,unmarked
they,other,unmarked
army,other,unmarked
nation,other,unmarked
them,other,unmarked
family,other,unmarked
majority,other,unmarked
city,other,unmarked
colony,other,unmarked
town,other,unmarked
voter,other,unmarked
life,other,unmarked
civilian,other,unmarked
generation,other,unmarked
crowd,other,unmarked
infantry,other,unmarked
nation-state,other,unmarked
populace,other,unmarked
movement,other,unmarked
group,other,unmarked
community,other,unmarked
congregation,other,unmarked
national,other,unmarked
party,other,unmarked
peoples,other,unmarked
neighborhood,other,unmarked
organization,other,unmarked
union,other,unmarked
local,other,unmarked
village,other,unmarked
inhabitant,other,unmarked
poor,other,unmarked
unemployed,other,unmarked
forces,other,unmarked
leaders,other,unmarked
children,other,unmarked
workers,other,unmarked
friends,other,unmarked
gays,other,unmarked
intellectuals,other,unmarked
partners,other,unmarked
babies,other,unmarked
relatives,other,unmarked
advocates,other,unmarked
opponents,other,unmarked
observers,other,unmarked
victims,other,unmarked
rulers,other,unmarked
innocents,other,unmarked
witnesses,other,unmarked
neighbors,other,unmarked
experts,other,unmarked
philosophers,other,unmarked
scientists,other,unmarked
engineers,other,unmarked
warriors,other,unmarked
actors,other,unmarked
travelers,other,unmarked
winners,other,unmarked
scholars,other,unmarked
fighters,other,unmarked
players,other,unmarked
tyrants,other,unmarked
wards,other,unmarked
suspects,other,unmarked
intellects,other,unmarked
juveniles,other,unmarked
literates,other,unmarked
bombers,other,unmarked
homosexuals,other,unmarked
collectors,other,unmarked
creators,other,unmarked
debtors,other,unmarked
killers,other,unmarked
proponents,other,unmarked
amateurs,other,unmarked
realists,other,unmarked
activists,other,unmarked
students,other,unmarked
supporters,other,unmarked
northerners,other,unmarked
candidates,other,unmarked
southerners,other,unmarked
nonpartisans,other,unmarked
dissidents,other,unmarked
strangers,other,unmarked
environmentalists,other,unmarked
pilots,other,unmarked
moderates,other,unmarked
pioneers,other,unmarked
conservatives,other,unmarked
teachers,other,unmarked
planters,other,unmarked
catholics,other,unmarked
parents,other,unmarked
landowners,other,unmarked
politicians,other,unmarked
members,other,unmarked
troops,other,unmarked
enemies,other,unmarked
republicans,other,unmarked
democrats,other,unmarked
residents,other,unmarked
soldiers,other,unmarked
laborers,other,unmarked
settlers,other,unmarked
employers,other,unmarked
others,other,unmarked
traders,other,unmarked
militants,other,unmarked
miners,other,unmarked
communists,other,unmarked
missionaries,other,unmarked
commanders,other,unmarked
protestants,other,unmarked
industrialists,other,unmarked
christians,other,unmarked
newcomers,other,unmarked
critics,other,unmarked
employees,other,unmarked
liberals,other,unmarked
ranchers,other,unmarked
agriculturalists,other,unmarked
farmers,other,unmarked
inventors,other,unmarked
historians,other,unmarked
manufacturers,other,unmarked
legislators,other,unmarked
editors,other,unmarked
servants,other,unmarked
traitors,other,unmarked
writers,other,unmarked
preachers,other,unmarked
radicals,other,unmarked
overseers,other,unmarked
bankers,other,unmarked
texans,other,unmarked
lobbyists,other,unmarked
steelworkers,other,unmarked
representatives,other,unmarked
spouses,other,unmarked
signers,other,unmarked
congresses,other,unmarked
forty-niners,other,unmarked
mormons,other,unmarked
mayors,other,unmarked
socialists,other,unmarked
tourists,other,unmarked
strategists,other,unmarked
educators,other,unmarked
evangelists,other,unmarked
patrons,other,unmarked
maids,other,unmarked
victors,other,unmarked
customers,other,unmarked
homeowners,other,unmarked
butchers,other,unmarked
onlookers,other,unmarked
inmates,other,unmarked
volunteers,other,unmarked
outlaws,other,unmarked
cleaners,other,unmarked
retirees,other,unmarked
aggressors,other,unmarked
segregationists,other,unmarked
pupils,other,unmarked
riders,other,unmarked
justices,other,unmarked
easterners,other,unmarked
brokers,other,unmarked
celebrities,other,unmarked
veterans,other,unmarked
troopers,other,unmarked
dealers,other,unmarked
martyrs,other,unmarked
congregationalists,other,unmarked
ministers,other,unmarked
paratroopers,other,unmarked
agitators,other,unmarked
executives,other,unmarked
monsters,other,unmarked
investors,other,unmarked
tailors,other,unmarked
raiders,other,unmarked
choruses,other,unmarked
heirs,other,unmarked
astronauts,other,unmarked
middlemen,other,unmarked
thinkers,other,unmarked
campaigners,other,unmarked
kids,other,unmarked
unitarians,other,unmarked
figures,other,unmarked
officers,other,unmarked
scouts,other,unmarked
mobs,other,unmarked
patrols,other,unmarked
priests,other,unmarked
correspondents,other,unmarked
interventionists,other,unmarked
athletes,other,unmarked
protestors,other,unmarked
hostages,other,unmarked
bureaucrats,other,unmarked
bishops,other,unmarked
individuals,other,unmarked
purchasers,other,unmarked
superintendents,other,unmarked
readers,other,unmarked
townspeople,other,unmarked
lutherans,other,unmarked
traditionalists,other,unmarked
entertainers,other,unmarked
commentators,other,unmarked
saints,other,unmarked
shareholders,other,unmarked
convicts,other,unmarked
participants,other,unmarked
clients,other,unmarked
sinners,other,unmarked
schoolteachers,other,unmarked
firefighters,other,unmarked
conductors,other,unmarked
thieves,other,unmarked
exodusters,other,unmarked
spokespeople,other,unmarked
draftees,other,unmarked
talkers,other,unmarked
suburbanites,other,unmarked
peers,other,unmarked
guardians,other,unmarked
petitioners,other,unmarked
federalists,other,unmarked
intruders,other,unmarked
negotiators,other,unmarked
essayists,other,unmarked
oppressors,other,unmarked
defenders,other,unmarked
homemakers,other,unmarked
buyers,other,unmarked
prosecutors,other,unmarked
overlords,other,unmarked
interns,other,unmarked
parishioners,other,unmarked
shoppers,other,unmarked
sponsors,other,unmarked
sociologists,other,unmarked
assistants,other,unmarked
stalwarts,other,unmarked
companions,other,unmarked
coaches,other,unmarked
adventurers,other,unmarked
vaqueros,other,unmarked
orators,other,unmarked
passengers,other,unmarked
landholders,other,unmarked
prisoners,other,unmarked
liberators,other,unmarked
capitalists,other,unmarked
comrades,other,unmarked
accusers,other,unmarked
governors,other,unmarked
deists,other,unmarked
paupers,other,unmarked
monks,other,unmarked
lecturers,other,unmarked
chieftains,other,unmarked
dancers,other,unmarked
consumers,other,unmarked
darwinists,other,unmarked
admirers,other,unmarked
migrants,other,unmarked
weavers,other,unmarked
landlords,other,unmarked
prophets,other,unmarked
millionaires,other,unmarked
modernists,other,unmarked
distillers,other,unmarked
revolutionaries,other,unmarked
pirates,other,unmarked
visitors,other,unmarked
jurors,other,unmarked
dockworkers,other,unmarked
shoemakers,other,unmarked
detractors,other,unmarked
doctors,other,unmarked
economists,other,unmarked
losers ,other,unmarked
proprietors,other,unmarked
orphans,other,unmarked
imitators,other,unmarked
bakers,other,unmarked
speculators,other,unmarked
reapers,other,unmarked
folks,other,unmarked
nativists,other,unmarked
associates,other,unmarked
isolationists,other,unmarked
mariners,other,unmarked
envoys,other,unmarked
loyalists,other,unmarked
carpenters,other,unmarked
descendants,other,unmarked
militarists,other,unmarked
warlords,other,unmarked
tradespeople,other,unmarked
drinkers,other,unmarked
offenders,other,unmarked
lenders,other,unmarked
captors,other,unmarked
conspirators,other,unmarked
survivors,other,unmarked
sellers,other,unmarked
interpreters,other,unmarked
subscribers,other,unmarked
emissaries,other,unmarked
missourians,other,unmarked
crusaders,other,unmarked
occupiers,other,unmarked
sharecroppers,other,unmarked
saviors,other,unmarked
anti-masons,other,unmarked
apologists,other,unmarked
hunters,other,unmarked
toilers,other,unmarked
culprits,other,unmarked
tycoons,other,unmarked
troublemakers,other,unmarked
mechanics,other,unmarked
artisans,other,unmarked
painters,other,unmarked
tinkers,other,unmarked
boxers,other,unmarked
recruiters,other,unmarked
postmasters,other,unmarked
superiors,other,unmarked
pickers,other,unmarked
infants,other,unmarked
hijackers,other,unmarked
borrowers,other,unmarked
financiers,other,unmarked
storekeepers,other,unmarked
theorists,other,unmarked
hosts,other,unmarked
courtiers,other,unmarked
packers,other,unmarked
racists,other,unmarked
runners,other,unmarked
rebels,other,unmarked
bondholders,other,unmarked
keepers,other,unmarked
compromisers,other,unmarked
protesters,other,unmarked
cartoonists,other,unmarked
technicians,other,unmarked
photographers,other,unmarked
designers,other,unmarked
outcasts,other,unmarked
accountants,other,unmarked
followers,other,unmarked
applicants,other,unmarked
senates,other,unmarked
whigs,other,unmarked
masons,other,unmarked
claimants,other,unmarked
supervisors,other,unmarked
pacifists,other,unmarked
humans,other,unmarked
examiners,other,unmarked
tsars,other,unmarked
kentuckians,other,unmarked
sailors,other,unmarked
texians,other,unmarked
smallholders,other,unmarked
nomads,other,unmarked
serfs,other,unmarked
ruffians,other,unmarked
fools,other,unmarked
guards,other,unmarked
commissioners,other,unmarked
narrators,other,unmarked
porters,other,unmarked
columnists,other,unmarked
craftsmen,other,unmarked
deputies,other,unmarked
tenants,other,unmarked
worshipers,other,unmarked
prostitutes,other,unmarked
lovers,other,unmarked
philanthropists,other,unmarked
incumbents,other,unmarked
janitors,other,unmarked
supremacists,other,unmarked
psychologists,other,unmarked
anthropologists,other,unmarked
theologians,other,unmarked
tutors,other,unmarked
redcoats,other,unmarked
expansionists,other,unmarked
bystanders,other,unmarked
journalists,other,unmarked
fascists,other,unmarked
subordinates,other,unmarked
committees,other,unmarked
knights,other,unmarked
creditors,other,unmarked
detectives,other,unmarked
latecomers,other,unmarked
stockbrokers,other,unmarked
bitches,other,unmarked
neoconservatives,other,unmarked
donors,other,unmarked
attendants,other,unmarked
freemasons,other,unmarked
champions,other,unmarked
herders,other,unmarked
inspectors,other,unmarked
announcers,other,unmarked
gangsters,other,unmarked
craftspeople,other,unmarked
cooks,other,unmarked
builders,other,unmarked
mississippians,other,unmarked
investigators,other,unmarked
translator,other,unmarked
viceroys,other,unmarked
constructionists ,other,unmarked
antifederalists,other,unmarked
chaplains,other,unmarked
commuters,other,unmarked
forerunners,other,unmarked
reservationists,other,unmarked
selves,other,unmarked
academics,other,unmarked
performers,other,unmarked
plumbers,other,unmarked
youngsters,other,unmarked
analysts,other,unmarked
terrorists,other,unmarked
cronies,other,unmarked
seekers,other,unmarked
marylanders,other,unmarked
dignitaries,other,unmarked
nonslaveholders,other,unmarked
wageworkers,other,unmarked
insiders,other,unmarked
teenagers,other,unmarked
dissenters,other,unmarked
independents,other,unmarked
gamblers,other,unmarked
conservationists,other,unmarked
motorists,other,unmarked
physicists,other,unmarked
ambassadors,other,unmarked
managers,other,unmarked
naturalists,other,unmarked
rappers,other,unmarked
silversmiths,other,unmarked
messengers,other,unmarked
individualists,other,unmarked
trappers,other,unmarked
strikers,other,unmarked
drummers,other,unmarked
homesteaders,other,unmarked
innovators,other,unmarked
developers,other,unmarked
jurists,other,unmarked
jockeys ,other,unmarked
navigators,other,unmarked
healers,other,unmarked
vagabonds,other,unmarked
authors,other,unmarked
presbyterians,other,unmarked
bricklayers,other,unmarked
monopolists,other,unmarked
peasants,other,unmarked
perpetrators,other,unmarked
enthusiasts,other,unmarked
lieutenants,other,unmarked
contestants,other,unmarked
classmates,other,unmarked
challengers,other,unmarked
free-soilers,other,unmarked
archaeologists,other,unmarked
seafarers,other,unmarked
shipbuilders,other,unmarked
pamphleteers,other,unmarked
pitchers,other,unmarked
rioters,other,unmarked
explorers,other,unmarked
transcendentalists,other,unmarked
violators,other,unmarked
hunter-gatherers,other,unmarked
novelists,other,unmarked
brutes,other,unmarked
nurses,other,unmarked
musicians,other,unmarked
composers,other,unmarked
playwrights,other,unmarked
occupants,other,unmarked
subcommittees,other,unmarked
lawyers,other,unmarked
barbarians,other,unmarked
emigrants,other,unmarked
publicists,other,unmarked
pennsylvanians,other,unmarked
characters,other,unmarked
bostonians,other,unmarked
screenwriters,other,unmarked
biologists,other,unmarked
mediators,other,unmarked
visionaries,other,unmarked
helpers,other,unmarked
marshals,other,unmarked
adolescents,other,unmarked
compatriots,other,unmarked
twins,other,unmarked
boycotters,other,unmarked
doughboys,other,unmarked
arbiters,other,unmarked
businesspeople,other,unmarked
islanders,other,unmarked
ex-rebels,other,unmarked
salesclerks,other,unmarked
consultants,other,unmarked
egyptians,other,unmarked
voyagers,other,unmarked
patroons,other,unmarked
instructors,other,unmarked
murderers,other,unmarked
planners,other,unmarked
councils,other,unmarked
machinists,other,unmarked
breeders,other,unmarked
muckrakers,other,unmarked
propagandists,other,unmarked
criminals,other,unmarked
sculptors,other,unmarked
comedians,other,unmarked
beggars,other,unmarked
researchers,other,unmarked
felons,other,unmarked
surveyors,other,unmarked
acquaintances,other,unmarked
fire-eaters,other,unmarked
agents,other,unmarked
contemporaries,other,unmarked
respondents,other,unmarked
breadwinners,other,unmarked
dixiecrats,other,unmarked
zealots,other,unmarked
coworkers,other,unmarked
detainees,other,unmarked
gatherers,other,unmarked
practitioners,other,unmarked
franciscans ,other,unmarked
kansans,other,unmarked
villains,other,unmarked
marchers,other,unmarked
chemists,other,unmarked
registrars,other,unmarked
monarchs,other,unmarked
biographers,other,unmarked
hackers,other,unmarked
silverites,other,unmarked
senators,other,unmarked
highlanders,other,unmarked
policymakers,other,unmarked
free-staters,other,unmarked
patrolmen,other,unmarked
reservists,other,unmarked
nobles,other,unmarked
farmhands,other,unmarked
washingtonians,other,unmarked
typists,other,unmarked
barons,other,unmarked
shipowners,other,unmarked
bosses,other,unmarked
contenders,other,unmarked
gunners,other,unmarked
cutters,other,unmarked
gangs,other,unmarked
robbers,other,unmarked
presidents,other,unmarked
organizers,other,unmarked
reporters,other,unmarked
hippies,other,unmarked
churchgoers,other,unmarked
acadians,other,unmarked
spectators,other,unmarked
plaintiffs,other,unmarked
mowers,other,unmarked
idealists,other,unmarked
urbanites,other,unmarked
novices,other,unmarked
peacekeepers,other,unmarked
elders,other,unmarked
forebears,other,unmarked
garrisons,other,unmarked
thugs,other,unmarked
stenographers,other,unmarked
humorists,other,unmarked
yippies,other,unmarked
heterosexuals,other,unmarked
adversaries,other,unmarked
interviewers,other,unmarked
surgeons,other,unmarked
householders,other,unmarked
oneidans,other,unmarked
pursuers,other,unmarked
specialists,other,unmarked
greenbackers,other,unmarked
mentors,other,unmarked
revisionists,other,unmarked
apostles,other,unmarked
co-founders,other,unmarked
forecasters,other,unmarked
sociopaths,other,unmarked
rockstars,other,unmarked
schoolmates,other,unmarked
haters,other,unmarked
selectees,other,unmarked
separatists,other,unmarked
delegates,other,unmarked
nationalists,other,unmarked
advisors,other,unmarked
colleagues,other,unmarked
diplomats,other,unmarked
directors,other,unmarked
singers,other,unmarked
burgesses,other,unmarked
aides,other,unmarked
navies,other,unmarked
administrators,other,unmarked
californians,other,unmarked
architects,other,unmarked
generals,other,unmarked
drivers,other,unmarked
yourselves,other,unmarked
virginians,other,unmarked
sects,other,unmarked
grandparents,other,unmarked
apprentices,other,unmarked
clerks,other,unmarked
russians,other,unmarked
predecessors,other,unmarked
delegations,other,unmarked
populists,other,unmarked
stars,other,unmarked
civilizations,other,unmarked
dictators,other,unmarked
successors,other,unmarked
heroes,other,unmarked
smugglers,other,unmarked
captives,other,unmarked
youths,other,unmarked
patriots,other,unmarked
ancestors,other,unmarked
foes,other,unmarked
producers,other,unmarked
recipients,other,unmarked
publishers,other,unmarked
classes,other,unmarked
contacts,other,unmarked
unionists,other,unmarked
shippers,other,unmarked
kingdoms,other,unmarked
couples,other,unmarked
westerners,other,unmarked
arabs,other,unmarked
aristocrats,other,unmarked
households,other,unmarked
dwellers,other,unmarked
assassins,other,unmarked
anglicans,other,unmarked
advisers,other,unmarked
populations,other,unmarked
adherents,other,unmarked
allies,other,unmarked
jacksonians,other,unmarked
cooperatives,other,unmarked
physicians,other,unmarked
believers,other,unmarked
talibans,other,unmarked
shakers,other,unmarked
poets,other,unmarked
scalawags,other,unmarked
makers,other,unmarked
canadians,other,unmarked
dozens,other,unmarked
spies,other,unmarked
juries,other,unmarked
teens,other,unmarked
riots,other,unmarked
fleets,other,unmarked
talents,other,unmarked
shopkeepers,other,unmarked
defendants,other,unmarked
giants,other,unmarked
listeners,other,unmarked
californios,other,unmarked
lawmakers,other,unmarked
operatives,other,unmarked
yeomen,other,unmarked
know-nothings,other,unmarked
combatants,other,unmarked
graduates,other,unmarked
calvinists,other,unmarked
masses,other,unmarked
bridgemen,other,unmarked
framers,other,unmarked
teams,other,unmarked
baptists,other,unmarked
recruits,other,unmarked
suffragists,other,unmarked
sheriffs,other,unmarked
leagues,other,unmarked
cavalries,other,unmarked
secretaries,other,unmarked
chiefs,other,unmarked
merchants,other,unmarked
subjects,other,unmarked
attorneys,other,unmarked
themselves,other,unmarked
conquistadors,other,unmarked
fundamentalists,other,unmarked
anarchists,other,unmarked
reformers,other,unmarked
vigilantes,other,unmarked
carpetbaggers,other,unmarked
converts,other,unmarked
viewers,other,unmarked
blacksmiths,other,unmarked
enterpreneurs,other,unmarked
professors,other,unmarked
philantropists,other,unmarked
confederates,other,unmarked
titans,other,unmarked
evangelicals,other,unmarked
captains,other,unmarked
hawaiians,other,unmarked
conquistadores,other,unmarked
crews,other,unmarked
extremists,other,unmarked
villagers,other,unmarked
insurgents,other,unmarked
strikebreakers,other,unmarked
constituents,other,unmarked
operators,other,unmarked
audiences,other,unmarked
assemblies,other,unmarked
corps,other,unmarked
advertisers,other,unmarked
pilgrims,other,unmarked
patients,other,unmarked
colonels,other,unmarked
jeffersionians,other,unmarked
militias,other,unmarked
appalachians,other,unmarked
methodists,other,unmarked
schoolchildren,other,unmarked
nominees,other,unmarked
artists,other,unmarked
stalemates,other,unmarked
regulators,other,unmarked
marshalls,other,unmarked
klans,other,unmarked
trustees,other,unmarked
sympathizers,other,unmarked
grangers,other,unmarked
lumberjacks,other,unmarked
pastors,other,unmarked
electors,other,unmarked
quakers,other,unmarked
backers,other,unmarked
squads,other,unmarked
squadrons,other,unmarked
copperheads,other,unmarked
taxpayers,other,unmarked
anti-federalists,other,unmarked
anti-americans,other,unmarked
regiments,other,unmarked
carolinians,other,unmarked
growers,other,unmarked
contractors,other,unmarked
prospectors,other,unmarked
squatters,other,unmarked
users,other,unmarked
stockholders,other,unmarked
privateers,other,unmarked
yorkers,other,unmarked
grandchildren,other,unmarked
cults,other,unmarked
democratic-republicans,other,unmarked
bayonets,other,unmarked
farmworkers,other,unmarked
officeholders,other,unmarked
appointees,other,unmarked
elites,other,unmarked
imperialists,other,unmarked
destroyers,other,unmarked
burglars,other,unmarked
mercenaries,other,unmarked
demonstrators,other,unmarked
depositors,other,unmarked
invaders,other,unmarked
partisans,other,unmarked
abolitionists,other,unmarked
boomers,other,unmarked
founders,other,unmarked
judges,other,unmarked
speakers,other,unmarked
cornwallis,other,unmarked
colonizers,other,unmarked
masters,other,unmarked
promoters,other,unmarked
catchers,other,unmarked
attackers,other,unmarked
hessians,other,unmarked
guests,other,unmarked
soviets,other,unmarked
professionals,other,unmarked
revivalists,other,unmarked
deserters,other,unmarked
vikings,other,unmarked
people,other,unmarked
americans,other,unmarked
citizens,other,unmarked
societies,other,unmarked
owners,other,unmarked
authorities,other,unmarked
adults,other,unmarked
armies,other,unmarked
nations,other,unmarked
families,other,unmarked
cities,other,unmarked
colonies,other,unmarked
towns,other,unmarked
voters,other,unmarked
lives,other,unmarked
everyone,other,unmarked
civilians,other,unmarked
generations,other,unmarked
crowds,other,unmarked
infantries,other,unmarked
nation-states,other,unmarked
movements,other,unmarked
groups,other,unmarked
communities,other,unmarked
congregations,other,unmarked
nationals,other,unmarked
parties,other,unmarked
neighborhoods,other,unmarked
organizations,other,unmarked
unions,other,unmarked
locals,other,unmarked
villages,other,unmarked
inhabitants,other,unmarked
